,-180,-175,-170,-165,-160,-155,-150,-145,-140,-135,-130,-125,-120,-115,-110,-105,-100,-95,-90,-85,-80,-75,-70,-65,-60,-55,-50,-45,-40,-35,-30,-25,-20,-15,-10,-5,0,5,10,15,20,25,30,35,40,45,50,55,60,65,70,75,80,85,90,95,100,105,110,115,120,125,130,135,140,145,150,155,160,165,170,175
-90,,,,,,,,,,,,,,,,,,,,,,,,,,,,,,,,,,,,,,,,,,,,,,,,,,,,,,,,,,,,,,,,,,,,,,,,
-85,,,,,,,,,,,,,,,,,,,,,,,,,,,,,,,,,,,,,,,,,,,,,,,,,,,,,,,,,,,,,,,,,,,,,,,,
-80,,,,,,,1.5621512077899915,1.4414731037767725,1.346411316396284,1.2626746378491909,1.1873781344953678,1.1197075342287024,1.0594430784089248,1.0062353904754717,0.9597200783179586,0.9194352009294583,0.8848956770920916,0.855681350713687,0.8314098773917571,0.8117547645176861,0.7964365002547052,0.7852490965644665,0.7780319453212556,0.7746670904136876,0.7751249294135927,0.7794212872753166,0.7876663366855292,0.8000372719333787,0.8168642615327774,0.8386493605831942,0.8660807525213792,0.9003446893008276,0.9433291449046768,0.9984729481676394,1.072640666345096,1.1816887115131272,1.3534434484075182,1.5629199982770448,,,,,,,,,,,,,,,,,,,,,,,,,,,,,,,,,,
-75,1.728180886191547,1.600461522759813,1.4912685951704499,1.391620396991616,1.297340105675873,1.2065681637759698,1.1190643337286548,1.0358251036467894,0.95833304497392,0.8878272781206097,0.8249331050221799,0.7696303417250653,0.7215346861070453,0.6800437713819056,0.6445197402140731,0.6143427000233862,0.588948644805168,0.567850182027891,0.5506409885861397,0.5369836131553309,0.5266062535377161,0.519295519208818,0.5148844523874311,0.513253500506203,0.5143213523203656,0.5180439013992028,0.5244127501622355,0.5334621775145055,0.5452661844035659,0.5599550811706911,0.5777202627202711,0.5988460734117451,0.6237296435571161,0.6529086672765433,0.6871817819629071,0.7276299089146577,0.7759046029902787,0.8345723889847848,0.9080284090126783,1.0047194092256955,1.1415820411763027,1.3289017923043076,1.5140754837569868,,,,,,,,,,,,,,,,,,,,,,,,,,,,,1.9045785626038232
-70,1.3454379573355308,1.2408043542951857,1.1435386722366911,1.051289828833621,0.9638508100515776,0.8820647149832749,0.8070671106102238,0.7396770726454017,0.6801491674210278,0.628221638747728,0.5832721907410613,0.5445426866756145,0.5112661636591848,0.48275047638795293,0.4584080111841481,0.4377532445365906,0.42039796572278043,0.40603124056615003,0.39440897269439507,0.3853400657444021,0.3786748905211968,0.37429908998975797,0.3721221971976661,0.37207758488165427,0.37411351417851485,0.3781934806349545,0.38429303596636777,0.3923994166382344,0.4025128098471587,0.4146522347108441,0.4288555534816232,0.44519342495113984,0.4637791782332775,0.484785209610402,0.5084670764193263,0.5351987344170102,0.5655111121109869,0.6001669492673354,0.6402487808279281,0.6873162520490735,0.7436815729719739,0.8129740788381333,0.9015359792614543,1.0222079556926476,1.1988675889928453,1.4157626203105949,1.6060942653784898,,,,,,,,,,,,,,,,,,,,,,,,1.61790427676364,1.4641946918858368
-65,0.997105257579833,0.9095495190348366,0.8287268465297364,0.7550046086864732,0.688632263947471,0.6296418867335966,0.5777703413320108,0.5324804111136934,0.4930706760592989,0.4588029551572921,0.4289893954460232,0.4030340749589553,0.3804454744033147,0.3608276080921588,0.3438689115806301,0.3293278570853415,0.31701887121308575,0.30680283968995625,0.29857576589834267,0.2922610305583242,0.28780289408142085,0.28516055690277264,0.2843029522338719,0.28520596746752236,0.2878475932430505,0.29220601383268424,0.2982563909193449,0.3059698482740227,0.3153120957879008,0.32624549309091483,0.3387307398344037,0.35273140285823346,0.36822305777284975,0.3852019910859837,0.4037000702196765,0.42380323862590336,0.44567273166124033,0.4695771042669874,0.4959263061552018,0.5253263965661159,0.5586410329162628,0.5971021857873365,0.6424722209611594,0.6973343113482616,0.7656719325295315,0.854302319094998,0.9772087141910493,1.1677911408931723,1.4375395175128496,,,,,,,,,,,,,,,,,,,1.596540374083964,1.4275944955925903,1.3013818807272635,1.1917607217794057,1.0910830093406108
-60,0.7039173174593873,0.6423249869989051,0.5873853315428923,0.5387927550937378,0.49603359801843794,0.4584840565532745,0.42549727386549724,0.3964648087703026,0.37084620505376226,0.34818244199918086,0.3280953613249017,0.3102804389488717,0.29449807844593046,0.28056508197717317,0.26834605179368043,0.25774622122301677,0.24870658014705765,0.24118106474044418,0.2351448586346663,0.2305901637004993,0.22752041931984832,0.2259444899622183,0.22587235146745213,0.22731059822064606,0.23025961054620567,0.23471039734900467,0.24064242853244633,0.24802229572578754,0.2568033871974944,0.2669275952981944,0.27831782745090655,0.29086858851671715,0.3044719375195855,0.31902137944546133,0.33442340597794706,0.35061227957826924,0.3675682716057334,0.38534021258931117,0.4040685668185424,0.424010311068788,0.4455647763960947,0.46930276919311525,0.49600081829988274,0.5266907751322423,0.5627480080321768,0.6060250473168683,0.6590745511975926,0.7255196183119696,0.8107098255996452,0.9235432622312976,1.0853020203811357,1.381025489827604,,,,,,,,,1.629251700091179,1.5472107299600837,1.4779495395785192,1.4072897270860905,1.3309139731698447,1.2511306096467074,1.1703418550244407,1.0888224484898823,1.0067162685981503,0.9252076126497091,0.8463328719294109,0.7721188959242805
-55,0.49570415204209256,0.45860070260379837,0.42537993799753593,0.39571533380569074,0.369236711256402,0.34557533023713244,0.32438771362614793,0.3053683870470863,0.28825475401904965,0.2728269812727482,0.2589073841681771,0.24636125058806274,0.23507220401184775,0.22495177546688305,0.21594526056559288,0.208026932905712,0.20119546847450895,0.19546896629889338,0.19088053470689814,0.18747331795649827,0.18529348909728524,0.1843851851528997,0.18478600558876526,0.1865235310551733,0.18961239496363627,0.19405200849478038,0.19982383780662183,0.20688847477767003,0.215185308339363,0.22463111044895598,0.23511865503698606,0.2465198015873549,0.258691232001033,0.2714828593730616,0.28472736219746836,0.29825308421755414,0.3119281737795519,0.3256760417725047,0.33949867810177137,0.3534973810537006,0.3678890313500818,0.3830126542662951,0.3993272023164219,0.4174012233129457,0.43790528980069937,0.4616062751261871,0.48937423019581794,0.5221874978972082,0.5611138067596741,0.6072088004943997,0.6611815861485041,0.7227530771339463,0.7899287592163943,0.8589739787119502,0.9252439806512324,0.9840414250006049,1.0310886613492412,1.0632394034163497,1.0789841422042057,1.0780990423397665,1.0613743474812207,1.0310258482744106,0.9907849871605228,0.9446837375525962,0.8953975555376852,0.844013476679458,0.7909839072853212,0.7370067195612034,0.6832893246834141,0.6312734244639087,0.5822121404997256,0.5369073766652038
-50,0.362915188237294,0.3406063323564551,0.32017930535723566,0.30153958675357667,0.2845547456360306,0.26907730554414644,0.254963336552261,0.24208234364599518,0.23030182544598846,0.21950893899238322,0.20961228785095365,0.2005402875286988,0.1922404718151876,0.1846824853442176,0.1778593426393262,0.17178534791562408,0.16649499967654968,0.1620399214142362,0.1584841158406417,0.1558978011635809,0.15435054934103137,0.15390463262158358,0.1546097286209643,0.1565001947850417,0.1595949497629123,0.16389840386459797,0.1693998189654193,0.17606931667802386,0.18385129621578306,0.1926579156268613,0.20236557520819606,0.21281617159932292,0.22382977005401566,0.23520791482581765,0.24674195922633904,0.25822764209887256,0.26948257319953367,0.28036024558600225,0.2907653706950847,0.3007062332091601,0.3103098327325877,0.3198250375687378,0.32960744359487637,0.3400866157180968,0.35172606807953855,0.3649849099858903,0.38028876277273277,0.3980041093119408,0.4184129123141375,0.44167254348594015,0.46775239292907567,0.4963378322397735,0.5267224684004371,0.5577402269720857,0.5878312259213009,0.6152483094987987,0.6383006524318987,0.6555054318928241,0.665694711063272,0.6681936261051777,0.6630507123846556,0.6510503791460479,0.6334239308727027,0.6114386757618183,0.5861800850474882,0.5585661292534403,0.5294398587300526,0.49961899400117293,0.4698792418932911,0.44089622470141493,0.4131949964841472,0.38713448612232265
-45,0.2768808392467493,0.2627301078064302,0.24952891245383796,0.23727649686118576,0.22592408499176642,0.215405957696184,0.20565268643639753,0.1965991748479983,0.18818804585682147,0.1803730634327231,0.1731146932718808,0.16638024773612198,0.16014638569392795,0.15440329706762865,0.14915903895440313,0.14444251171516928,0.14030381757404836,0.13681165741216553,0.1340477919361115,0.1320990204027796,0.13104735888009417,0.13096006565248494,0.13188264253753582,0.13383838025191816,0.13683557361947277,0.14087749960422277,0.14596609480878012,0.15209375929621627,0.15922706887830823,0.16729169684415995,0.17616558328753,0.1856812189824789,0.1956341808842318,0.20579455504908029,0.21592018993309833,0.22577809435789262,0.23514963617406348,0.2438501471321429,0.25175242333472536,0.2588137142187176,0.26510298422195155,0.2708170031151537,0.2762670678783371,0.28184361503619104,0.2879584400166363,0.29498509012865165,0.30321844579510515,0.31285134961390304,0.32396149841793326,0.336502131732409,0.35028879706817434,0.36498735828796075,0.38010503454027667,0.3950037776245874,0.40894285639496836,0.4211593240595848,0.43097016560480095,0.43785906846515155,0.4415325077400438,0.44192448712044463,0.43915705757746815,0.43348117015925486,0.4252124907839875,0.41469036136210635,0.40225965553075166,0.38827063630396064,0.37308169521299744,0.3570615285070352,0.34058374924232965,0.3240159395392267,0.30769755458191383,0.2919148649632802
-40,0.21850738378584217,0.20907426588508427,0.2001280532054743,0.19169459888756923,0.18376653580469382,0.1763181239878454,0.16931887740874565,0.1627420292557696,0.15656645950914427,0.15077431292340057,0.14534800118497657,0.14026983529986523,0.13552563883260402,0.1311113557486462,0.127040153529552,0.12334742214712989,0.12009203832173128,0.11735355619797458,0.115225405203747,0.11380431943880052,0.11317615170609892,0.11340037144972659,0.11449962991038207,0.11646418213430608,0.11927526141217591,0.12293399598663725,0.1274702468355224,0.13291974820037583,0.13928611685311584,0.14651295030195546,0.15447697292965806,0.1629976879067207,0.17185444894135427,0.1808043685963529,0.1895983018701712,0.19799488949549926,0.20577373118353026,0.21274929840669404,0.21878891594689429,0.2238240285738863,0.2278748058344578,0.23107747524015923,0.233697259864021,0.23610229837666602,0.23869628546567978,0.24184079277219278,0.245800552054748,0.25072091927268925,0.25662779907753097,0.2634337885123838,0.27093750527074195,0.2788509968914015,0.28681165292077415,0.2944084820790134,0.3012225101203527,0.30687935352522067,0.31110175542048085,0.31374245603812984,0.3147855378302641,0.31431166337212774,0.3124482753648148,0.30932069729766054,0.3050259589939164,0.29963191310358533,0.29319306454259597,0.2857726604049722,0.27746007989722876,0.268382178163739,0.25870979822154105,0.2486594025864286,0.23846411750184726,0.2283496795280845
-35,0.1770531805232229,0.17045480162291576,0.1641306810673703,0.15811502348014467,0.15240724314156917,0.14699044480565365,0.141847055514356,0.13696694887281408,0.13234706444621086,0.12798564013429797,0.12387639616945204,0.12000734456386235,0.1163658578852587,0.11294809308205601,0.10976878714489227,0.10686768417060924,0.10431074864841838,0.1021862209872966,0.10059607284510425,0.09964241585793854,0.09940780761207546,0.09993137274366862,0.10119224216977774,0.10312242585155501,0.10566074669164813,0.10881509462976421,0.11267128340948676,0.11733414192762487,0.1228534950529441,0.1291854828966777,0.13619471838605776,0.14367843626377252,0.15139580764781335,0.15909401735624454,0.166528261512268,0.1734758507502571,0.1797462832257721,0.1851889692814755,0.18969914386196313,0.1932224155630085,0.19576273654218934,0.19740238479111427,0.19833147238885926,0.19885698293287773,0.1993570697341243,0.20019322829173042,0.20163250820989675,0.20381251566419897,0.20674408860482538,0.21033177776868256,0.2143979688247767,0.21870609053274725,0.2229839619091308,0.22695051453423026,0.23034853846718764,0.23298049368240722,0.23473765681241807,0.23561057938957522,0.2356721689789151,0.23503808344463062,0.2338197017720295,0.232087196168298,0.22985489923562138,0.22708979191264583,0.2237352928413791,0.21973794706439098,0.2150691757144519,0.209740239809405,0.20381319683430651,0.19740620035292622,0.1906858111324572,0.18384233955333903
-30,0.1465446995119804,0.14176823496361166,0.13716430818158487,0.1327664573350314,0.12857207324663592,0.12456351304712962,0.12072659559179859,0.11705926419628604,0.11356893918743118,0.11026301778118415,0.1071401321391734,0.10418851485947483,0.10139320654215792,0.0987487733334329,0.09627161890416171,0.09400697535464585,0.09202878158873005,0.0904336246224132,0.08932996846298905,0.08882158023115531,0.08898155815513735,0.08981691259253605,0.0912412333305435,0.09309957091926205,0.09527460068142297,0.09780158097546364,0.1008610878763187,0.1046510946728942,0.1092678946952651,0.11466884680259432,0.12069529971602869,0.1271156526192878,0.13366753524913483,0.14009197223307895,0.1461571379800091,0.15167159441655947,0.15648947996654847,0.1605110998431128,0.16368103094345574,0.16598388275518433,0.16743938891011506,0.16810544055369261,0.16810091600678645,0.16763913000960431,0.16702716697665432,0.16660088081119345,0.16663281922240814,0.16727365037400607,0.16854459979811676,0.17036103614747672,0.17256476933418674,0.17495452235120104,0.17731309691177147,0.17943340961790946,0.1811450099639142,0.1823389220688655,0.18298406496091119,0.1831262869198542,0.1828662980480637,0.18232160404411624,0.1815858650978802,0.18069982749245742,0.1796422529147837,0.17834090067287128,0.17669625764929947,0.17460791962919328,0.17199607244952467,0.168816996542361,0.16507619392440426,0.1608389416414618,0.15622939300507555,0.1514097063243698
-25,0.12357826400504254,0.12001208502758176,0.11658053942302016,0.11331502460608746,0.11020520036678189,0.10722551062715381,0.10435861596095415,0.10160532126509479,0.09897920146858333,0.0964927393598725,0.09414567096922738,0.09192355215697447,0.0898078535098599,0.08779223164444079,0.08589685515945923,0.08417477076085293,0.08270922845049532,0.08160466254547001,0.08097365905005056,0.08091796964509339,0.08149633921519912,0.08267418149960949,0.08427716270853224,0.0860285586126705,0.0877394710591678,0.08950533679968835,0.09164940466544888,0.09448142146213044,0.09813710926420252,0.10256425034005937,0.10757598527088816,0.1129123302650914,0.11829281847839809,0.12345742645478706,0.1281936319087711,0.13234840936175868,0.13582732353688284,0.13858582985202827,0.14061820630920563,0.14194727634350549,0.14261525007958378,0.14267755580978939,0.142210020195355,0.14133913964683215,0.14027317181342286,0.13928282403728615,0.13862356908660017,0.13845797686565112,0.13882697876347325,0.13966618725361962,0.1408406407689125,0.1421795477623594,0.14350541528693797,0.14465866656602405,0.14551947669829576,0.14602588565068375,0.14618299357599607,0.1460572179139743,0.14575332650817596,0.145380071732218,0.14501577640995336,0.14468503956333303,0.14435266685749,0.14393429800933005,0.1433175070403515,0.1423852291385228,0.14103489769808608,0.13919289166655097,0.13682860263413893,0.13396949398138178,0.13070841100984285,0.1271903857029246
-20,0.1060588556028373,0.10333047645501373,0.10074118169509139,0.09831701538855965,0.09603431208819499,0.09385418432422443,0.09175209936198044,0.08972891539614677,0.0878020078451258,0.08598658650874721,0.08428145554237304,0.08266867106097314,0.08112713483746252,0.07965215578136776,0.07827063731483314,0.07704544483073712,0.07606917716338434,0.07545201207084495,0.0753070130907362,0.07573001022472227,0.07676249763706773,0.0783236246856682,0.08013066941632233,0.08173967761026328,0.08286710721036651,0.0837174043795399,0.08481465950757001,0.08659057650896924,0.089207906096618,0.09259880115055188,0.09655185765528107,0.10078637093419648,0.10501091273813343,0.10896906146676674,0.11246981909528025,0.11539926493219009,0.11771381427239487,0.11942084737558145,0.12055648702701795,0.12116938598319427,0.12131249875902865,0.12103840854358586,0.12039854838437389,0.11945897343282581,0.11833629505548074,0.11721623587643042,0.11631190081219342,0.11578583844014025,0.11569941961620382,0.11601330342015245,0.1166184999858073,0.11737274120032289,0.11813074370673388,0.11876743249450618,0.11919627305561227,0.11938273445801728,0.11934923706345056,0.1191670520118538,0.11893441724004221,0.11874662387462939,0.11866778292795784,0.11871280115603634,0.11884326789487053,0.11897615959732293,0.11900091941393129,0.11879842576290368,0.11825677116262263,0.11728381687020863,0.11582182665197915,0.11386781885180727,0.11149128403935939,0.10883071684005921
-15,0.09273874071382511,0.09063915510427127,0.08870249600495962,0.08694542479009736,0.08532961321363051,0.08380311476703894,0.08233440729013297,0.08092369785717982,0.07959048708053365,0.0783506939103954,0.07720098942297163,0.07612059244232668,0.07508852787745314,0.07410541098800212,0.07320773629605751,0.07246874138170818,0.071988217301014,0.07187778799781482,0.07224576255074326,,,,,,,,0.0802272532058863,0.08083871182789269,0.08232391382706017,0.08460037317038831,0.08744382007504609,0.09056540380777081,0.0936712197074555,0.0965112636573062,0.09891367673068416,0.10079763836037682,0.10216211716443727,0.10305628447906848,0.10354619979802024,0.10369300682022776,0.10354713885049377,0.10314978262563336,0.10253203559011417,0.10171860228039906,0.10075426514279016,0.0997416213749203,0.09883817485222557,0.09819520137496579,0.09789238841527986,0.09791837354335343,0.09819292477535788,0.09860241823756184,0.09903042969826749,0.09937964646590718,0.09958748229187342,0.09963631380052453,0.09955577227980027,0.09941362633089176,0.09929569241735023,0.09928069705294384,0.09941854095100221,0.09971765204244411,0.10014242299246628,0.1006190777260741,0.10104740624077396,0.1013143581193503,0.10130586710050711,0.10091730831381482,0.10006907786793531,0.09873348617674084,0.09696456882065606,0.09490348453173102
-10,0.08294055748039499,0.08137226457520315,0.07998444083193255,0.0787835610283254,0.07772240957828223,0.07674345854115514,0.07581313960265466,0.07493200376802032,0.07411985329177767,0.07339092174441754,0.07273881321140085,0.07214143296411918,0.07158134527560422,0.07106805458228233,0.07064926257950914,0.07040717963205054,,,0.07177509499354688,0.0732358888811138,0.07525736966809801,0.0776848046679889,0.07999791320645268,0.08122455789360687,0.08074171906977756,,,,0.07742336621485474,0.07850482416760081,0.08019179402361526,0.08220143552714111,0.08424534717464169,0.08608087099345453,0.08754926210154221,0.08859095751683274,0.08923195161657144,0.08954699524439455,0.08961835662305866,0.08951004229966765,0.08926368093926869,0.08890503370141488,0.08844496695344989,0.08787492887809034,0.08718137414725284,0.08639148746264155,0.08560458884504302,0.0849560568203458,0.08454378715894037,0.08438739335925903,0.08443817768327905,0.0846120816884807,0.0848202100646976,0.08498962432899353,0.08507665666147535,0.0850746482595816,0.08501438176159731,0.08495458380484633,0.08496398994504309,0.08510146930923204,0.08540148326651584,0.0858674395936425,0.08647054645737783,0.08715186646960754,0.08782731518239605,0.088395167231594,0.08874398504337924,0.08876180275611034,0.08835381093116905,0.08747623987777836,0.08617585778617312,0.08459845443279647
-5,0.07631632564038522,0.07524661732307197,0.07435313020084758,0.07363468243696895,0.07304435887906877,0.0725298189768365,0.07206311210036215,0.07164760993371191,0.07130213130763888,0.07103720345862222,0.07084307056448202,,0.070592060269189,0.07054484191381943,0.07061512731759985,0.07089064434715059,0.07147129090246444,0.07245240986227901,0.07391211604070831,0.07589844831246567,0.0783998070973431,0.081249489101425,0.08385265691512225,0.08487965631959721,0.08336779558707469,0.08042822672306925,0.07761343515907954,,,,0.07486157068546742,0.07577510780492065,0.07682789789058099,0.07778418802260488,0.07849004355438162,0.07889136053230313,0.0790209084670691,0.07895982253407316,0.07879379660565887,0.07858532188738668,0.07836889403827396,0.07815815520178351,0.0779460280021978,0.07769302806672115,0.077331060271286,0.07681490550159094,0.07618652911345976,0.07556708779564111,0.07507649670639266,0.07476928896631128,0.07463076817137246,0.0746071811076123,0.07463651799009424,0.07466851355090921,0.07467585594069497,0.0746595455357942,0.07464756293976525,0.07468524132681066,0.07481990902846196,0.0750869770111904,0.07550364296712267,0.0760690443949657,0.0767644702052469,0.07755040238622783,0.07836358730617005,0.0791178566304061,0.07970888189924248,0.08002367836501599,0.07996149213830668,0.0794725054232152,0.07860001564327795,0.07748574438975561
0,0.07265919193178555,0.07208575232801015,0.0716620452044349,0.07138205270071973,,,,0.07103996798788256,0.07112033980909305,0.07128600197346217,0.07152492371747698,0.07181862757960891,0.07216482032661407,0.07259473160889361,0.07317478471220615,0.07399329538944052,0.07514101055776727,0.07669404422116044,0.07870222962921383,0.08117977924202226,0.0840866423459955,0.0872562771467789,0.09010526453795786,0.09100053711550826,0.08840633019923798,0.0839511842112193,0.07968257352441036,0.07626809081134017,,,,,0.07162173998235172,0.071819561934067,0.07191997950546085,0.07185784842981685,0.0716522390213327,0.0713727112801062,0.07109860781766499,0.07089076364711601,0.07078299254498396,0.07078453023811368,0.07087487481562631,0.0709837506908661,0.07098576768459838,0.07076033463748121,0.07029299925181143,0.06969707757565757,0.0691216512529534,0.06866019460084122,0.06833328095293408,0.06811724920966018,0.06797610436874428,0.0678810945656715,0.06781987007804509,0.0677991949930957,0.06784156176665947,0.06797550109656163,0.06822329200086573,0.06859388918976075,0.06908578274272636,0.06969456825870386,0.07041426988119873,0.07122852677424202,0.07209882916910997,0.07295860722025636,0.07371564366188321,0.07426317311875033,0.07450369652880778,0.07438813839026995,0.07395370245655952,0.07332428368851318
5,,,0.07177815570543158,0.07191967470347008,0.07213327009624029,0.07239868031245167,0.07271733752851989,0.07310813160601091,0.07359088938522058,0.07417065117118632,0.07483589657244753,0.07557347029194066,0.07639002128127424,0.07732524785361597,0.07844875446768751,0.0798432271403095,0.08158298246402211,0.08371581036311926,0.08625085288313745,0.08915127171883394,0.09232660278840127,0.0955977463728578,,,,,0.08422281013699034,0.07938779698115672,0.07554574947520586,0.07271941941419474,,,,,,0.06767593023050063,0.06726300544791042,0.06687436650341054,0.06657656908236802,0.06642998297735547,0.06647432101765632,0.0667220307378098,,,,,,,,0.06582795806705005,0.06530370799497111,0.06489047478266861,0.06457667759011732,0.0643535034823226,0.06422217292993662,0.064193617494757,0.06428285939910108,0.0644993910063516,0.06483845720212468,0.06528141650032133,0.06580804050466191,0.06641137498410293,0.06709988493342398,0.06788241216103165,0.068747872630216,0.0696528840438131,0.07052248786450503,0.07126275643694832,0.07178585754606001,0.07204565508375403,,
10,0.07361526692998352,0.07405824968013812,0.07457089101277845,0.07514053133757638,0.0757489538669186,0.07639319280047335,0.07709130554055539,0.07787291836327827,0.07876248962762912,0.07976747239671561,0.08088069309228137,0.08209644082836563,0.0834295282098788,0.08492428716286125,0.08664743725241446,0.08866846847048025,0.09103605282401452,0.0937577121258456,0.09678589236356262,0.10001147968501403,0.10326549379841024,,,,,,,0.08531214114715978,0.08005322451883225,0.0758772710197441,0.07276690198476077,0.07056513118977573,0.06904699896455321,0.06798464322128628,,,,,,,0.06547112003842422,0.06598401915728856,0.0667505389123358,0.06763365610299199,0.06837180242848394,0.06867403759701438,0.06842964365087509,0.06778122209498158,0.0669637404544302,0.06614937478617942,0.06542120239540744,0.06480853671925652,0.06432142227748197,0.0639687009392326,0.06376280408346147,0.06371667766131445,0.06383623545749112,0.0641110756291202,0.0645098765428787,0.06498810796879458,0.06550895602969757,0.06606429925484668,0.06667708202213078,0.06738101821460969,0.06819285993454283,0.06909478751272384,,,0.07171795798889008,0.07234604238179672,0.0728277067704135,0.07322433715727791
15,0.07798236229883497,0.07894152331259688,0.07994159600971543,0.08096642936175882,0.08200566456735903,0.08306968346516488,0.08418990349206065,0.08540604124581865,0.08674959451371177,0.08823456516732427,0.08986187632208745,0.09163471865467203,0.09357427912309868,0.09572462379298852,0.09814224385850702,0.10087384682165676,0.10393024344364926,0.10726328247751532,0.11075039562077586,0.1141908075830587,0.11731866672919125,,,,,,,,,0.08233337976906831,0.07799553546952337,0.07476399319524044,0.07243356155521209,0.07077364911820368,0.06957796524336678,0.06869380308381082,0.06803604294560599,0.06758539080443747,0.06737208359586416,0.06745120057380986,0.0678766030073733,0.06867286164892047,0.0697935115574012,0.07105752194273264,0.07211350654340846,0.07257654225814726,0.07232546064685356,0.07156534604249708,0.07058308948580587,0.06957569549283169,0.06864406699541538,0.06783635874111608,0.06718078309279946,0.06670052050840936,0.06641587425082339,0.06633901998371651,0.06646519052098168,0.06676475640494002,0.06718294117456602,0.067654074030541,0.06812907590726776,0.06860031191837758,0.06910359570968315,0.06969422064374307,0.0704145629096311,0.07127281341139989,0.07223976489729048,0.07326060699493558,0.07427606590457275,0.07524615434023066,0.07616643051409956,0.0770653958120918
20,0.08489254047441368,0.08636911533020179,0.0878803290851432,0.08940665412004808,0.09094264251093417,0.09250705794081221,0.09413991146425227,0.09588871351200505,0.09779284024086257,0.09987561787109747,0.10214855770317524,0.10462404645084114,0.10732677467674574,0.11029446115570787,0.1135640849282342,0.11714699789211326,0.12100008864836528,0.12500076782136105,0.12893310878143685,0.13249274368057015,0.13531929851423094,,,,,,,,,,,0.08281448581175473,0.07959885985169027,0.07727440199291297,0.07561815137721882,0.07445041295144586,0.07365435840761121,0.07318085161062744,0.07303825796458392,0.0732708878162627,0.07393047502881717,0.0750389165219761,0.07652856941183704,0.07814977226631248,0.07942410226785578,0.07988106241856521,0.07947367179161804,0.07852164652853176,0.07734766214211485,0.07614580526665297,0.07501897954518943,0.0740269314067688,0.07321188276693705,0.07260761766423096,0.07223852908044441,0.07211292796135005,0.07221439277901902,0.07249617829115285,0.07288539105370528,0.07330236435931116,0.07369170091035716,0.07404800383722397,0.07441697975729007,0.07487014686698318,0.07547100871360118,0.07625192209593858,0.0772086615064559,0.07830944996320419,0.07951184541082373,0.0807805652147507,0.0820989315740414,0.08346776513049224
25,0.09448726550434614,0.09648538640565374,0.0985432179530451,0.10063902033395818,0.10277023171765852,0.10495990941482743,0.10725229489331889,0.10969984697767325,0.11234918645750369,0.11523374785928975,0.11837615401709449,0.12179660828289418,0.12551896468327617,0.1295665313393985,0.1339444819723246,0.13861185306081816,0.14345048615009012,0.14824072247357278,0.15265488119572354,0.15627978305778645,0.1586771205502148,,,,,,,,,,,,,0.088180032514424,0.08593873323299683,0.08438872769630634,0.0833881955390075,0.08286112279505331,0.08279178845219823,0.08320694723360816,0.08414680770755542,0.08561775169151879,0.08750300829080068,0.0894142521507312,0.090667377211051,0.0908005549479761,0.09003107973687423,0.0888105771676293,0.08743185598167676,0.08604534266544325,0.08473939088911273,0.0835782085886166,0.0826137065811489,0.08188651426453322,0.08142161867315513,0.0812210724381122,0.08125687025724672,0.08146870142867305,0.08177244456485068,0.08208276477655527,0.0823444117244269,0.08255596309601372,0.08276970012271141,0.08306736989522351,0.0835279873517842,0.0842046514980932,0.08511695279142138,0.08625630772286827,0.08759797756918454,0.08911367077353446,0.09077960995544337,0.09257714262216854
30,0.10715418802112107,0.10969246520361076,0.11235428267938284,0.11511856156495612,0.11798559576579884,0.12098090559535427,0.12415061270804735,0.1275502388235218,0.1312326391567522,0.13524072014333166,0.13960687068359556,0.14435577745421382,0.1495037787123614,0.15504846186229815,0.16094594459881054,0.1670791924096418,0.17322603583899635,0.17903981814037512,0.18405814947303573,0.18775273643959253,0.1896240469034463,0.18932743323955084,,,,,,,,,,,,,,,,,,,,,,,,,0.10432148697470776,0.10281056922389713,0.10124351477999557,0.0996963914143851,0.09823461379180169,0.09692211784879176,0.0958164395111942,0.0949615025581159,0.09438016985411928,0.09406719198455603,0.09398461019058256,0.09406347902741638,0.09421606085963087,0.09435955124652833,0.09444479867144463,0.09447603749977379,0.09450959155957142,0.09463248901131245,0.0949340289031655,0.09548395218900176,0.09632306921767686,0.097464671523389,0.09890186847623042,0.10061592375600084,0.10258219841732925,0.10477236268485186
35,0.12365243490229988,0.1267839744139688,0.13014917193216677,0.1337327282587201,0.13754062408364054,0.14160243612923748,0.14596720719245607,0.15069434238661286,0.15584339457406826,0.16146633583587372,0.1676030733437758,0.1742775035522913,0.18148849199590966,0.1891911197422962,0.1972668107807913,0.20548643554510126,0.2134835078711615,0.22074046400744154,0.2266214682222557,0.23046185043030515,0.23170580709811658,0.2300576095360136,0.22559235062934252,,,,,,,,,,,,,,,,,,,,,,,,0.12297898844844982,0.12125323749393384,0.11954688835312488,0.11787471758748923,0.11628461356106563,0.11483860467836612,0.11359595380008117,0.112600367811019,0.111870680898283,0.11139478119867705,0.11112806434512536,0.11099896464811096,0.11092370892358275,0.1108291694250722,0.11067716963897584,0.1104794716901727,0.11029562771419286,0.1102152565202716,0.11033432790075369,0.11073552990942698,0.11147772764769917,0.11259401774251092,0.1140951087264385,0.1159745472588901,0.11821343317760719,0.12078393494415339
40,0.1453073345905896,0.14915155471711206,0.153396504050594,0.15804060268007603,0.1631022835536468,0.16862147893031465,0.17465629976043584,0.18127572933796188,0.18855050557924605,0.19654387278699514,0.20530163158173928,0.214844952075197,0.22514743070807897,0.2361042231299223,0.24749150633682848,0.2589211833259674,0.2698095044237806,0.27936619714426564,0.2866830755019434,0.2908898619081849,0.29135106023613183,0.28784875771565954,0.2806719625030049,,,,,,,,,,,,,,,,,,,,,,,,,0.14543154961287197,0.14364198491151467,0.1418792706192932,0.1401851066296376,0.1386184561817167,0.13723574512526102,0.1360765413667614,0.13515413796847092,0.13445111404544569,0.13392070037695597,0.1334952284342088,0.1331018296973085,0.13268288682182908,0.13221525347458563,0.13172077560444306,0.13126365139020102,0.1309362488125728,0.13083994021526615,0.13106803905640008,0.13169489892443964,0.1327716530449743,0.13432679660837873,0.13636932232926205,0.13889284221231277,0.14187997589207757
45,0.1743443523376581,0.1791371270827794,0.1845737591334123,0.19067833360026126,0.19749409202897453,0.20508418695215144,0.21353328476128863,0.22293878773073805,0.23340264682962447,0.24502066190202848,0.25786817691125047,0.2719804269765303,0.2872868506613744,0.30357585986112046,0.32044193195548915,0.3372197484575342,0.35295008455486576,0.3664120892615411,0.3762647973737365,0.3813003773998203,0.3807492722109569,0.3745143296419367,0.3632277427906,0.34810071518048535,,,,,,,,,,,,,,,,,,,,,,,0.17935844439664933,0.17750260549792032,0.17565118936834637,0.1738110172786049,0.172020991298133,0.17033252847545705,0.16879297376596503,0.16743298286468475,0.16625864761617895,0.16524906578504456,0.16436003588764994,0.1635339471841328,0.16271487299655188,0.1618656364393154,0.16098215220716672,0.16010023509007176,0.159292570504862,0.1586573052418456,0.15830269555499935,0.15833260823032627,0.15883611669602554,0.1598821790341913,0.16151862988610557,0.16377421929350378,0.16666239067623015,0.17018626014229093
50,0.21451323278169804,0.22069884975841864,0.2278907925970151,0.23616291791112673,0.245613448734864,0.2563678825981019,0.26858221985499287,0.28242118911279196,0.298048323466044,0.3156212454542116,0.33526148274020195,0.3570118199316463,0.38077505715781845,0.4062293453336,0.4327218938210849,0.45915835065334326,0.48393171354674824,0.5049739908089832,0.5200359958844696,0.5271884193795596,0.5253525601530119,0.5146058565627226,0.4961758838241478,0.4721532402140894,0.4450002873734232,,,,,,,,,,,,,,,,,,,,,,0.2229468381916367,0.22098409148234602,0.21902264539987099,0.21707064548254093,0.2151558442470302,0.2133130495105646,0.21157233703140013,0.2099496737478264,0.2084416191389979,0.20702502463540107,0.2056621636264713,0.2043107098244325,0.20293691377322018,0.20152888174077616,0.20010655027002763,0.19872535081167783,0.1974725962384791,0.19645796504734347,0.19580101540611156,0.1956191285606701,0.1960183304514651,0.19708801800242956,0.1988995587010688,0.20150801217474074,0.2049560562284383,0.20927942511474731
55,0.2726774590823834,0.28117948049114266,0.291271737176895,0.3031174139382065,0.3169151041734992,0.33290313000130956,0.35135926111805077,0.37259759196297665,0.3969555401396369,0.4247709117878382,0.4563403751808705,0.49185496511438004,0.5313055958051006,0.5743427661885907,0.6200625267196972,0.6666888186965285,0.7112197325722474,0.7494661945592571,0.7769703960606962,0.7904154798360586,0.7883740152622141,0.7711261510496255,0.7402990289728122,0.698883635227485,0.6511381975788602,0.6018074399247877,0.5547855450667663,,,,,,,,,,,,,,,,,,0.2894969088709973,0.28696604225615996,0.28457333303605786,0.28226426946164707,0.28000853434245,0.27779486487673843,0.2756247169537516,0.27350415608508294,0.2714362177665473,0.2694153231617889,0.26742490175100264,0.2654392648354054,0.2634295181143692,0.26137276095616874,0.2592625493112736,0.2571184278626487,0.25499171845349644,0.2529664999370048,0.2511537566129271,0.24968377521606838,0.24869579630582478,0.24832824736950004,0.24871123322490676,0.24996268541704733,0.2521876145851125,0.25548079379033584,0.25993172017268984,0.26563192177490225
60,0.36239614198820713,0.37499990925250204,0.39017840341124266,0.40827133560397333,0.4296878853990675,0.4549149532617348,0.48451843980124965,0.5191368828611594,0.5594523686110005,0.6061527648650654,0.6598857517649466,0.7212202211420183,0.7905807270258831,0.8679446512757729,0.9519067515781072,1.0381741295370874,1.119727467926362,1.190890230522983,1.2512406626398198,1.3052844477757282,1.3622539576863069,,,1.283508477836895,1.1440576576710568,1.0220142206103893,0.9125523923856032,0.8167336412313774,0.7359939574145309,,0.6162416988022943,0.5727861817709922,,,,,,,,,,,0.39405576631376965,0.3890847416544399,0.3847273053176197,0.38084224780700615,0.3773137228270713,0.3740513382979917,0.37098452425295214,0.36805880150981335,0.36523119731550824,0.36246450492342513,0.35972380766021017,0.35697374882375016,0.35418018235860543,0.35131343127322134,0.34835452597888356,0.34530330463264447,0.34218599518260745,0.33906031613157933,0.33601753177022314,0.3331803395066947,0.3306970498512448,0.3287328135914529,0.3274616050195864,0.32705789745751246,0.32769194790393547,0.32952767120988213,0.33272378588309587,0.3374378422399281,0.34383288389361966,0.35208546221491827
65,0.5114766843942612,0.5320067041702906,0.5569034626032466,0.5868132261822276,0.6224775045559174,0.6647188242709856,0.7144140170446823,0.7724561447595504,0.8397447580462428,0.9171834351910586,1.0056013840508982,1.1053663122112245,1.2152616089187878,1.330940104862626,1.444904233291054,1.5507230811366626,1.6533288031279474,,,,,,,,,,,,,1.300083723791903,1.0973626197122177,0.9702128518569261,0.8799608306356878,0.8114438033509281,0.757572439100507,0.7143549969733616,0.6792241241110011,0.6503844420348335,0.6265348308728635,0.6066795136592263,0.590032691479535,0.5759868124854629,0.5640396667358515,0.5537956053600188,0.5449240693835881,0.537160617346571,0.5302874946012525,0.5241257574978495,0.5185262600340741,0.5133617622047205,0.5085214205885903,0.503904400307318,0.49942075063681435,0.49498990271170723,0.4905459901575917,0.48604374641953296,0.4814662432948015,0.47683278623163855,0.47220317791959604,0.4676808260963976,0.4634088608263616,0.4595647869876676,0.4563523083896699,0.45399271049972995,0.45271653392034267,0.4527599065788171,0.4543618887699444,0.4577649571055401,0.4632220946362681,0.4710026810900863,0.4814041367575532,0.49476391881499027
70,0.7779366061844362,0.8125313351717449,0.8539048719818176,0.9027705297675579,0.9597474449378264,1.0251996136350292,1.099010819218583,1.1804456264371532,1.2683172989268798,1.3616763897355046,1.4605905486865873,1.5666581954009635,1.6824079631967064,1.8117780063605382,1.9836426901949349,,,,,,,,,,,,,,,,,,,,,1.473962833418422,1.3251131533933416,1.2083222895489982,1.1238947594015245,1.0607472229317,1.0107626117255186,0.9693785385395621,0.934039670263254,0.9032813834032809,0.8762267030998091,0.8523214273771921,0.831184526614312,0.8125104446665994,0.7960253870832962,0.7814671198693095,0.7685700902538206,0.7570701767291275,0.7467086802680483,0.7372368903447158,0.7284320873568797,0.7201098949812536,0.7121421954587511,0.7044743961711308,0.697135468436918,0.690241923723087,0.6839884367040135,0.6786333855959764,0.6744787350127389,0.6718496976601785,0.6710884278038598,0.672541304768831,0.6765672185683735,0.6835360783605487,0.6938482542426061,0.707933109836172,0.7262730631071492,0.7494063765218005
75,1.2322210613131162,1.2756039477970325,1.3233553347541007,1.3744677945536723,1.4278793585468532,1.4828108086381817,1.5390203199358508,1.5973821639080659,1.660347196685833,1.7336319657289128,1.8341801558800521,,,,,,,,,,,,,,,,,,,,,,,,,,,,,,,,,,,,,,,,,1.3215781931123691,1.2580737420628716,1.216563510570819,1.1856185102289782,1.1612522078703547,1.141438422617464,1.124972143350992,1.111112484346837,1.0994303743971467,1.0897393214703317,1.082065989222606,1.07660044939753,1.0736659101709478,1.073673554694082,1.0770880426574003,1.084383574961798,1.0960335639434444,1.1124809155652597,1.1341153053216446,1.1612261180521506,1.193961448956028
80,1.7718041863039133,1.8033352301100947,1.8398729116430625,1.8852745930570909,1.9606779562455745,,,,,,,,,,,,,,,,,,,,,,,,,,,,,,,,,,,,,,,,,,,,,,,,,,,,,,,,1.679508465800219,1.6535592833788415,1.6405610698295672,1.635372822733233,1.6358571718121317,1.6409082894637754,1.6499032480676858,1.6624444570785681,1.6782641213536351,1.6971723897507107,1.7190598101921992,1.7438873070586725
85,,,,,,,,,,,,,,,,,,,,,,,,,,,,,,,,,,,,,,,,,,,,,,,,,,,,,,,,,,,,,,,,,,,,,,,,
